{
	"pages": [ //pages数组中第一项表示应用启动页，参考：https://uniapp.dcloud.io/collocation/pages
		{
			"path": "pages/index/index",
			"style": {
				"navigationBarTitleText": "uni-app"
			}
		}
        ,{
            "path" : "pages/fast-car/fast-car",
            "style" : {}
        }
        ,{
            "path" : "pages/homepage/homepage",
            "style" : {}
        }
        ,{
            "path" : "pages/fast-car2/fast-car2",
            "style" : {}
        }
        ,{
            "path" : "pages/free-car/free-car",
            "style" : {}
        }
        ,{
            "path" : "pages/free-car2/free-car2",
            "style" : {}
        }
        ,{
            "path" : "pages/register/register",
            "style" : {}
        }
        ,{
            "path" : "pages/rent-car2/rent-car2",
            "style" : {}
        }
        ,{
            "path" : "pages/rent-car22/rent-car22",
            "style" : {}
        }
        ,{
            "path" : "pages/rent-car/rent-car",
            "style" : {}
        }
        ,{
            "path" : "pages/rent-car1/rent-car1",
            "style" : {}
        }
        ,{
            "path" : "pages/rent-car11/rent-car11",
            "style" : {}
        }
        ,{
            "path" : "pages/DDingD/DDingD",
            "style" : {}
        }
        ,{
            "path" : "pages/DDingS/DDingS",
            "style" : {}
        }
        ,{
            "path" : "pages/FinPayD/FinPayD",
            "style" : {}
        }
        ,{
            "path" : "pages/FinPayS/FinPayS",
            "style" : {}
        }
    ],
	"globalStyle": {
		"navigationBarTextStyle": "black",
		"navigationBarTitleText": "uni-app",
		"navigationBarBackgroundColor": "#F8F8F8",
		"backgroundColor": "#F8F8F8"
	}
}
